{"zaXCEX9oQS3rxf6QvNM2Ig==":"lg-watch-urbane4-w628-628x353.jpg","cYQ9zxH1MgiEZL9rVUQwsw==":"best_watches_roger_dubuis_excalibur_limited_edition-942-942x520.jpg","AF1Ylt/FDzOAAL/g6yGjTA==":"597x640-1_-vf78cv8ygi1ice-597x640.jpg","nNGkV8fMcpBB0np2Ah3Xwg==":"900x675-1_-u7yxc75i0k99f0-900x675.jpg","NRah5ggKmXGE8U2JXVUUMg==":"900740.gif","LscQBuegDR03uBLvqrjjJg==":"1506333539-932x665.jpg","U7oT8D/epAwthyi1UcUIlw==":"s3photo_%D9%A2%D9%A0%D9%A1%D9%A6-%D9%A0%D9%A6-%D9%A1%D9%A6_%D9%A0%D9%A6.%D9%A2%D9%A1.%D9%A0%D9%A5-894x844.jpg","577jLCxWYK6Uxfdk/X8DiA==":"mbr-1920x1371.jpg","s1XrnfufXarTMmkOG9CTag==":"mbr-1920x1280.jpg","CDlg+CVqocn8CUAcf8/FgA==":"mbr-1920x1223.jpg","yZmuyNxPK3vRFnpxX7b6YQ==":"mbr-1920x1278.jpg","j7Uk1vCIUFzu6AMF5l4UOQ==":"mbr-1920x1277.jpg","7N7jgeZNMOFT3yjgERxQkA==":"mbr-1-1920x1280.jpg","VQHdqfGv91JDSZngW7A4cg==":"mbr-1404x1920.jpg","x0VlzJkDZdYQPgiIk1NPhw==":"mbr-1620x1080.jpg","Psdpt648DbsrTWDUGceYcA==":"mbr-1920x1320.jpg","hDynStcUmkN5PxsW7tU1/A==":"mbr-240x265.jpg","RQRgX34qB1u2q8oGcbW4Lg==":"1622827-96x96.png"}